pu61bl17_February_14_2018_30468038.wav.not.mat,000000000000000AbcdeabcdeabcdeabcdeabcdeAbcde-Abcdeabcdeabcde
pu61bl17_February_14_2018_33238903.wav.not.mat,00AbcdeabcdeabcdeabcdabcdeabcdeqabcdeabcdeiAbcdeabcdeqabcdeabcdeqabcd
pu61bl17_February_14_2018_34424630.wav.not.mat,0Abcdeabcdeabcdeabcdeabcdeabcde0Abcdeq
pu61bl17_February_14_2018_34652751.wav.not.mat,000Abcdeabcdeabcdeabcdeabcdeabcdeabcdeabcd
pu61bl17_February_14_2018_34697991.wav.not.mat,00Abcdeabcdeabcdeabcdeabcdeabcdeabcd
pu61bl17_February_14_2018_35980051.wav.not.mat,-Abcdeabcdeabcdeabcdeabcdeq--
pu61bl17_February_14_2018_37284671.wav.not.mat,0AbcdeabcdeabcdeqiAbcdeabcdeq00Abcdeabcdeq0Abcdeabcdeabcde
pu61bl17_February_14_2018_39400791.wav.not.mat,0Abcdeabcdeabcdeabcde-Abcdeabcde
pu61bl17_February_14_2018_42068600.wav.not.mat,abcdeabcde*00
pu61bl17_February_14_2018_46590581.wav.not.mat,00Abcdeabcd
pu61bl17_February_14_2018_46675148.wav.not.mat,*abcdeabcdeabcdeabcde
pu61bl17_February_14_2018_46715670.wav.not.mat,0Abcdeabcdeabcd
pu61bl17_February_14_2018_49422028.wav.not.mat,Abcdeabcdeabcde-Abcdeabcdeabcde
pu61bl17_February_14_2018_50105121.wav.not.mat,00Abcdeabcdeabcde
pu61bl17_February_14_2018_50733481.wav.not.mat,0Abcdeabcdeabcdeabcdeabcdeabcd-Abcdeabcdeqabcdeabcde
pu61bl17_February_14_2018_52023258.wav.not.mat,0000Abcdeabcdeabcd
pu61bl17_February_14_2018_55482599.wav.not.mat,00iAbcde
pu61bl17_February_14_2018_56348399.wav.not.mat,00Abcdea-Abcdeabcdeabcde
pu61bl17_February_14_2018_56478401.wav.not.mat,abcdeabcd*-Abcdeabcdeabcdeabcdeabcdeabcd
pu61bl17_February_14_2018_59410141.wav.not.mat,0Abcdeabcdeabcdeabcdeabcdeabcde
pu61bl17_February_14_2018_67107890.wav.not.mat,0Abcdeabcdabcdeabcdeabcdeabcde-Abcdeabcdeqabcdeabcd
pu61bl17_February_14_2018_68367080.wav.not.mat,0iiAbcdeabcdeabcdeabcde
pu61bl17_February_14_2018_68446801.wav.not.mat,0Abcdeabcdeabcde-Abcdeabcdeabcdeabcdeabcdeabcdeabcdeabcde-Abcdeabcde
pu61bl17_February_14_2018_68465340.wav.not.mat,000*Abcdeabcdeabcdeabcd
pu61bl17_February_14_2018_68937530.wav.not.mat,0iAbcdeabcdeabcdeabcdeabcde
pu61bl17_February_14_2018_72731692.wav.not.mat,0Abcdeabcdeabcde
pu61bl17_February_14_2018_75138550.wav.not.mat,0000Abcdeabcdeabcdeabcdeabcdeabcdeabcdeqabcdeabcdeqq0
pu61bl17_February_14_2018_75804201.wav.not.mat,0Abcdeabcdeabcde-Abcdeabcdeabcdeabcdeabcdeabcdeabcdeqabcd
pu61bl17_February_14_2018_77319258.wav.not.mat,000Abcdeabcdeabcdeabcdeabcdeabcdeqqabcdeabcdeabcd-Abcdeabcdeq0Abcdeabcdeq00Abcdeabcdeqabcdeqabcdeqqabcdeabcde
pu61bl17_February_14_2018_77529821.wav.not.mat,00Abcdeabcdeabcdeabcdeabcdeabcdeabcdeqqabcdeabcdeqabcdeabcde
pu61bl17_February_14_2018_77665630.wav.not.mat,----Abcdeabcdeabcdeabcdeabcdeabcde-AbcdeabcdeqqAbcdeabcdq-Abcdeqqabcdeqqqabcdq