bl13b12_March_24_2017_35418946.wav.not.mat,00Abcqdbc
bl13b12_March_24_2017_35433151.wav.not.mat,iiAbcadbcdbc
bl13b12_March_24_2017_35441511.wav.not.mat,iiAbcdbcdbc
bl13b12_March_24_2017_35480241.wav.not.mat,iiAbcdbcadbcdbc
bl13b12_March_24_2017_35488139.wav.not.mat,iAbcdbc
bl13b12_March_24_2017_35610662.wav.not.mat,iiAbcdbcdbc
bl13b12_March_24_2017_35625879.wav.not.mat,iiAbcdbcdbcdbc
bl13b12_March_24_2017_36058289.wav.not.mat,0iiAbcdbcdbc
bl13b12_March_24_2017_36067172.wav.not.mat,iAbcdbcdbcdbc
bl13b12_March_24_2017_40769372.wav.not.mat,0iiiAbcadbcdbc0
bl13b12_March_24_2017_40813081.wav.not.mat,iiAbcdbcdbcdbc
bl13b12_March_24_2017_41063592.wav.not.mat,iiAbcdbcdbc
bl13b12_March_24_2017_41073859.wav.not.mat,iAbcdbcdbc
bl13b12_March_24_2017_41119281.wav.not.mat,iiAbcdbcdbcdbC
bl13b12_March_24_2017_43035173.wav.not.mat,iiAbc-idbcdbc
bl13b12_March_24_2017_43049882.wav.not.mat,iiAbcdbcadbcdbc
bl13b12_March_24_2017_43106061.wav.not.mat,iiAbcdbcdbcadbcdbc
bl13b12_March_24_2017_45118232.wav.not.mat,0iiAbcdbcdbc
bl13b12_March_24_2017_46384664.wav.not.mat,iiiAbcdbcdbcdbc
bl13b12_March_24_2017_46586562.wav.not.mat,iiiAbcdbcdbcdbcdbc
bl13b12_March_24_2017_46632691.wav.not.mat,iiAbcdbcdbcdbc
bl13b12_March_24_2017_47006639.wav.not.mat,iiAbcdbcdbcdbcdbC
bl13b12_March_24_2017_47344401.wav.not.mat,iiAbcdbcdbcdbc
bl13b12_March_24_2017_47514693.wav.not.mat,iiAbcdbcdbcadbcdbc
bl13b12_March_24_2017_47544813.wav.not.mat,iiAbcdbcdbc
bl13b12_March_24_2017_50194041.wav.not.mat,iiAbcadbcdbc
bl13b12_March_24_2017_50606801.wav.not.mat,iAbcdbc
bl13b12_March_24_2017_50664961.wav.not.mat,iiAbcdbcdbc
bl13b12_March_24_2017_51036349.wav.not.mat,iiiAbcdbcdbcdbc