bllpu3E_January_16_2018_29721658.wav.not.mat,-
bllpu3E_January_16_2018_30612947.wav.not.mat,00000iAbcdeabcdeabcde
bllpu3E_January_16_2018_31426568.wav.not.mat,00000iiiiAbcdeabcdexabcdeabcde
bllpu3E_January_16_2018_31631218.wav.not.mat,0iiiAbcdeabcdeabcd
bllpu3E_January_16_2018_32037047.wav.not.mat,0iiiiAbcdeabcdeabcdexabcdexabcdexabcde000000
bllpu3E_January_16_2018_32159448.wav.not.mat,000iiiiAbcdeabcdeabcdeabcdexabcdexabcdeiAbcdeabcde
bllpu3E_January_16_2018_32553747.wav.not.mat,iiiiAbcdeabcdeabcdexabcdeabcdeiAbcdeabcdexabcde
bllpu3E_January_16_2018_33041666.wav.not.mat,0000iiAbcdeabcdeabcdeabcdexabcdeabC
bllpu3E_January_16_2018_33124489.wav.not.mat,iiiiAbcdeabcdeabcdeabcdeiiAbcdeabcdeabcde
bllpu3E_January_16_2018_36133159.wav.not.mat,iiiiAbcdeabcdeabcdexabcdeabcdeiiAbcdeabcdeabcde
bllpu3E_January_16_2018_36430276.wav.not.mat,000iAbcdeabcdeabcdeabcde
bllpu3E_January_16_2018_37421876.wav.not.mat,00000iAbcdeabcdeabcdeabcdeabcdexxabcde
bllpu3E_January_16_2018_38997979.wav.not.mat,000000iAbcdeabcdeabcdexabcdeabcde
bllpu3E_January_16_2018_39656379.wav.not.mat,0iiAbcdeabcdeabcdeabcdeiAbcdeabcde
bllpu3E_January_16_2018_40426866.wav.not.mat,00iiiiAbcdeabcdeabcdeabcdexabcdeabcde00iAbcdeabcdeabcde
bllpu3E_January_16_2018_40761179.wav.not.mat,0iiiiAbcdeabcdexabcdeabcdexabcde
bllpu3E_January_16_2018_40818539.wav.not.mat,000iiiAbcdeabcdeabcdeabcd00000000000
bllpu3E_January_16_2018_42548888.wav.not.mat,00iiiiAbcdeabcdeabcdeabcdeabcdexabcde
bllpu3E_January_16_2018_46103845.wav.not.mat,0000000iiiiAbcdeabcdeabcdexabcdeabcdexabcde
bllpu3E_January_16_2018_48150735.wav.not.mat,00iiiAbcdeabcdeabcdeabcdeiiAbcdeabcde
bllpu3E_January_16_2018_51262127.wav.not.mat,0iiiiAbcdeabcdeabcdeabcdexabcdeiiAbcdexabcdeabcde
bllpu3E_January_16_2018_51867587.wav.not.mat,00iiiAbcdeabcdeabcdeabcde
bllpu3E_January_16_2018_53824278.wav.not.mat,00000000000iiAbcdeabcdeabcde
bllpu3E_January_16_2018_55394518.wav.not.mat,iiiiAbcdeabcdeabcde0
bllpu3E_January_16_2018_56264548.wav.not.mat,0iiiiAbcdeabcdeabcdeabcdeabcde
bllpu3E_January_16_2018_56822297.wav.not.mat,iiiiAbcdeabcdeabcdeabcdex
bllpu3E_January_16_2018_58575938.wav.not.mat,00iiiAbcdeabcdeabcdeabcdexabcdeabcdexabcde
bllpu3E_January_16_2018_62528796.wav.not.mat,0iiiAbcdeabcdexabcde
bllpu3E_January_16_2018_63258246.wav.not.mat,iiiAbcdeabcdeabcdexabcdexabcde
bllpu3E_January_16_2018_67260227.wav.not.mat,0iiiiiAbcdeabcdeabcdeabcdexabcdeiiAbcdeabcde
bllpu3E_January_16_2018_67568768.wav.not.mat,iiiiAbcdeabcdeabcdeabcdeabcdexabcdeabcde
bllpu3E_January_16_2018_68920457.wav.not.mat,iiiAbcdeabcdeabcdexabcdexabcdexabcdeiAbcde
bllpu3E_January_16_2018_74636947.wav.not.mat,iiiiiAbcdeabcdeabcdeabcdeabcde