bl17y31_January_21_2018_30068242.wav.not.mat,iiiiaBcdqabcdqabcdqabc
bl17y31_January_21_2018_32480232.wav.not.mat,00iiiaBcdqabcdqabcdqab
bl17y31_January_21_2018_32516252.wav.not.mat,0iiiiaBcdqabcdqaiiaBcdqabcdqabcdqab
bl17y31_January_21_2018_34039344.wav.not.mat,iiiiaBcdqabcdqabcdqab
bl17y31_January_21_2018_34728904.wav.not.mat,0iiaBcdqabcdqabcdqabcd
bl17y31_January_21_2018_37437914.wav.not.mat,0iiiiaBcdqabcdqabcD
bl17y31_January_21_2018_38416764.wav.not.mat,iiiaBcdqabcdqabcdqabcdqab
bl17y31_January_21_2018_38635692.wav.not.mat,iiiiaBcdqabcdqabcdqabxxaBcdqabcdqab
bl17y31_January_21_2018_39340414.wav.not.mat,iiiiiaBcdqabcdqabcdqab
bl17y31_January_21_2018_41727964.wav.not.mat,iiiiiaBcdqabcdqabcdqabcdiiaBcdqabcdqab
bl17y31_January_21_2018_42547145.wav.not.mat,iiiiaBcdqabcdqabcdqabcd
bl17y31_January_21_2018_42565564.wav.not.mat,0iiiaBcdqabcdqabc
bl17y31_January_21_2018_42583894.wav.not.mat,iiiaBcdqabcxxabcdqabcdqab
bl17y31_January_21_2018_43658962.wav.not.mat,iiiiaBcdqabcdqabcdqabc
bl17y31_January_21_2018_45538342.wav.not.mat,0iiiaBcdqabcdqabcdqab
bl17y31_January_21_2018_47349092.wav.not.mat,iiiiaBcdqabcdqabcdqabxxabcdqab
bl17y31_January_21_2018_54914074.wav.not.mat,0iiiaBcdqabcdqabcdqabcdqabc
bl17y31_January_21_2018_56989724.wav.not.mat,iiiiaBcdqabcdqabcdqabcdqab
bl17y31_January_21_2018_58411372.wav.not.mat,00iiiiaBcdqabcdqabx
bl17y31_January_21_2018_58536874.wav.not.mat,0iiiaBcdqabcdqabcdqabcdqab
bl17y31_January_21_2018_59348834.wav.not.mat,iiiiiaBcdqabcdqabcdqabcdqab
bl17y31_January_21_2018_59663374.wav.not.mat,0iiiiaBcdqabcdqabcdqabcdqab
bl17y31_January_21_2018_61455835.wav.not.mat,0000iiiaBcdqabcdqabcdqabcd
bl17y31_January_21_2018_61487324.wav.not.mat,0iiiaBcdqabcdqabxxabcd
bl17y31_January_21_2018_61572784.wav.not.mat,0iiiiaBcdqabcdqabcdqaB
bl17y31_January_21_2018_64688024.wav.not.mat,0iiiiaBcdqabcdqabcdqabcdqab
bl17y31_January_21_2018_65042122.wav.not.mat,00iiiaBcdqabcdqabcdqabc
bl17y31_January_21_2018_65688324.wav.not.mat,0iiiiaBcdqabcdqabcdqabcdqabcx
bl17y31_January_21_2018_67797702.wav.not.mat,iiiaBcdqabcdqabcdqabc
bl17y31_January_21_2018_68362794.wav.not.mat,iiiiiaBcdqabcdqabcd
bl17y31_January_21_2018_68564044.wav.not.mat,0iiiaBcdqabcdqabcdqabc
bl17y31_January_21_2018_72010234.wav.not.mat,iiiiaBcdqabcdqabcdqiiaBcdqabcdqab
bl17y31_January_21_2018_80058414.wav.not.mat,-iiiiiiaBcdqabcdqabcdqabxxabcdqab